Workbook

Sheet hmeq
A1: BAD | B1: MORTDUE | C1: VALUE | D1: JOB | E1: YOJ | F1: DEROG | G1: DELINQ | H1: CLAGE | I1: NINQ | J1: CLNO | K1: DEBTINC
A2: 1 | B2: 25860 | C2: 39025 | D2: Other | E2: 10.5 | F2: 0 | G2: 0 | H2: 94.366667 | I2: 1 | J2: 9
A3: 1 | B3: 70053 | C3: 68400 | D3: Other | E3: 7 | F3: 0 | G3: 2 | H3: 121.83333 | I3: 0 | J3: 14
A4: 1 | B4: 13500 | C4: 16700 | D4: Other | E4: 4 | F4: 0 | G4: 0 | H4: 149.46667 | I4: 1 | J4: 10
A5: 1
A6: 0 | B6: 97800 | C6: 112000 | D6: Office | E6: 3 | F6: 0 | G6: 0 | H6: 93.333333 | I6: 0 | J6: 14
A7: 1 | B7: 30548 | C7: 40320 | D7: Other | E7: 9 | F7: 0 | G7: 0 | H7: 101.466 | I7: 1 | J7: 8 | K7: 37.113614
A8: 1 | B8: 48649 | C8: 57037 | D8: Other | E8: 5 | F8: 3 | G8: 2 | H8: 77.1 | I8: 1 | J8: 17
A9: 1 | B9: 28502 | C9: 43034 | D9: Other | E9: 11 | F9: 0 | G9: 0 | H9: 88.76603 | I9: 0 | J9: 8 | K9: 36.884894
A10: 1 | B10: 32700 | C10: 46740 | D10: Other | E10: 3 | F10: 0 | G10: 2 | H10: 216.93333 | I10: 1 | J10: 12
A11: 1 | C11: 62250 | D11: Sales | E11: 16 | F11: 0 | G11: 0 | H11: 115.8 | I11: 0 | J11: 13
A12: 1 | B12: 22608 | E12: 18
A13: 1 | B13: 20627 | C13: 29800 | D13: Office | E13: 11 | F13: 0 | G13: 1 | H13: 122.53333 | I13: 1 | J13: 9
A14: 1 | B14: 45000 | C14: 55000 | D14: Other | E14: 3 | F14: 0 | G14: 0 | H14: 86.066667 | I14: 2 | J14: 25
A15: 0 | B15: 64536 | C15: 87400 | D15: Mgr | E15: 2.5 | F15: 0 | G15: 0 | H15: 147.13333 | I15: 0 | J15: 24
A16: 1 | B16: 71000 | C16: 83850 | D16: Other | E16: 8 | F16: 0 | G16: 1 | H16: 123 | I16: 0 | J16: 16
A17: 1 | B17: 24280 | C17: 34687 | D17: Other | F17: 0 | G17: 1 | H17: 300.86667 | I17: 0 | J17: 8
A18: 1 | B18: 90957 | C18: 102600 | D18: Mgr | E18: 7 | F18: 2 | G18: 6 | H18: 122.9 | I18: 1 | J18: 22
A19: 1 | B19: 23030 | E19: 19 | K19: 3.7113123
A20: 1 | B20: 28192 | C20: 40150 | D20: Other | E20: 4.5 | F20: 0 | G20: 0 | H20: 54.6 | I20: 1 | J20: 16
A21: 0 | B21: 102370 | C21: 120953 | D21: Office | E21: 2 | F21: 0 | G21: 0 | H21: 90.992533 | I21: 0 | J21: 13 | K21: 31.588503
A22: 1 | B22: 37626 | C22: 46200 | D22: Other | E22: 3 | F22: 0 | G22: 1 | H22: 122.26667 | I22: 1 | J22: 14
A23: 1 | B23: 50000 | C23: 73395 | D23: ProfExe | E23: 5 | F23: 1 | G23: 0 | I23: 1 | J23: 0
A24: 1 | B24: 28000 | C24: 40800 | D24: Mgr | E24: 12 | F24: 0 | G24: 0 | H24: 67.2 | I24: 2 | J24: 22
A25: 1 | B25: 18000 | D25: Mgr | E25: 22 | G25: 2 | H25: 121.73333 | I25: 0 | J25: 10
A26: 1 | C26: 17180 | D26: Other | F26: 0 | G26: 0 | H26: 14.566667 | I26: 3 | J26: 4
A27: 1 | B27: 34863 | C27: 47471 | D27: Mgr | E27: 12 | F27: 0 | G27: 0 | H27: 70.49108 | I27: 1 | J27: 21 | K27: 38.263601
A28: 0 | B28: 98449 | C28: 117195 | D28: Office | E28: 4 | F28: 0 | G28: 0 | H28: 93.811775 | I28: 0 | J28: 13 | K28: 29.681827
A29: 1 | B29: 15000 | C29: 20200 | E29: 18 | F29: 0 | G29: 0 | H29: 136.06667 | I29: 1 | J29: 19
A30: 1 | B30: 25116 | C30: 36350 | D30: Other | E30: 10 | F30: 1 | G30: 2 | H30: 276.96667 | I30: 0 | J30: 9
A31: 0 | B31: 7229 | C31: 44516 | D31: Self | F31: 0 | G31: 0 | H31: 208 | I31: 0 | J31: 12
A32: 0 | B32: 71408 | C32: 78600 | D32: ProfExe | E32: 8 | F32: 0 | G32: 0 | H32: 255.73333 | I32: 0 | J32: 12
A33: 1 | B33: 50795 | C33: 63100 | D33: Self | E33: 26 | F33: 2 | G33: 15 | H33: 145.63333 | I33: 3 | J33: 45
A34: 1 | B34: 4000 | C34: 60850 | D34: Other | E34: 16 | F34: 4 | G34: 0 | H34: 112.63333 | I34: 2 | J34: 9
A35: 1 | B35: 78600 | C35: 113000 | D35: ProfExe | E35: 6 | F35: 1 | G35: 0 | H35: 165.33333 | I35: 2 | J35: 26
A36: 0 | B36: 103949 | C36: 112505 | D36: Office | E36: 1 | F36: 0 | G36: 0 | H36: 96.10233 | I36: 0 | J36: 13 | K36: 30.051136
A37: 0 | B37: 104373 | C37: 120702 | D37: Office | E37: 2 | F37: 0 | G37: 0 | H37: 101.5403 | I37: 0 | J37: 13 | K37: 29.915859
A38: 1 | B38: 7750 | C38: 67996 | D38: Other | E38: 16 | F38: 3 | G38: 0 | H38: 122.20466 | I38: 2 | J38: 8 | K38: 36.211348
A39: 1 | B39: 61962 | C39: 70915 | D39: Mgr | E39: 2 | F39: 0 | G39: 0 | H39: 282.80166 | I39: 3 | J39: 37 | K39: 49.206396
A40: 0 | B40: 104570 | C40: 121729 | D40: Office | E40: 2 | F40: 0 | G40: 0 | H40: 85.884372 | I40: 0 | J40: 14 | K40: 32.059783
A41: 1 | B41: 7000 | C41: 20300 | D41: Other | E41: 3 | F41: 0 | G41: 0 | H41: 50.8 | I41: 5 | J41: 9
A42: 1 | C42: 8800 | D42: Other | E42: 2 | F42: 0 | G42: 1 | H42: 77.766667 | I42: 0 | J42: 3
A43: 1 | C43: 33000 | D43: Other | E43: 1 | F43: 0 | G43: 1 | H43: 23.3 | I43: 1 | J43: 2
A44: 1 | B44: 119826 | C44: 193500 | D44: Other | E44: 8 | F44: 0 | G44: 0 | H44: 130.03336 | I44: 0 | J44: 27
A45: 1 | B45: 20000 | C45: 29750 | D45: Other | E45: 2 | F45: 0 | G45: 0 | H45: 187.06667 | I45: 0 | J45: 12
A46: 1 | C46: 14500 | D46: Other | E46: 3 | F46: 0 | G46: 0 | H46: 9.3 | I46: 14 | J46: 2
A47: 1 | C47: 14100 | D47: Other | E47: 1 | F47: 0 | G47: 0 | H47: 104.2 | I47: 0 | J47: 19
A48: 1 | B48: 47000 | C48: 82700 | D48: ProfExe | E48: 10 | F48: 0 | G48: 1 | H48: 262.16667 | I48: 5 | J48: 26
A49: 1 | B49: 34542 | C49: 45900 | D49: Mgr | E49: 8.5 | F49: 0 | G49: 2 | H49: 62.366667 | I49: 0 | J49: 10
A50: 0 | B50: 58000 | C50: 71500 | D50: Mgr | E50: 10 | G50: 2 | H50: 211.93333 | I50: 0 | J50: 25
A51: 0 | B51: 47000 | C51: 56400 | D51: Office | E51: 21 | F51: 0 | G51: 0 | H51: 201.86667 | I51: 0 | J51: 20
A52: 1 | B52: 39589 | C52: 36100 | D52: Other | E52: 1.5 | F52: 0 | G52: 0 | H52: 153.16667 | I52: 1 | J52: 14
A53: 0 | C53: 70400
A54: 0 | B54: 67848 | C54: 74566 | D54: Mgr | E54: 10 | G54: 1 | H54: 206.4266 | I54: 0 | J54: 25 | K54: 40.115677
A55: 1 | B55: 48603 | C55: 61000 | D55: ProfExe | E55: 28 | F55: 0 | G55: 4 | H55: 122.03333 | I55: 1 | J55: 25
A56: 1 | B56: 27200 | C56: 40834 | D56: Other | F56: 0 | G56: 0 | H56: 298.13156 | I56: 0 | J56: 7 | K56: 35.553539
A57: 1 | B57: 54000 | C57: 64850 | D57: Other | E57: 1 | F57: 0 | G57: 0 | H57: 121.86667 | I57: 3 | J57: 21
A58: 0 | B58: 74864 | C58: 87266 | D58: ProfExe | E58: 7 | F58: 0 | G58: 0 | H58: 250.63127 | I58: 0 | J58: 12 | K58: 42.909997
A59: 1 | B59: 23159 | D59: Mgr | E59: 20 | G59: 2 | H59: 117.80575 | I59: 0 | J59: 9 | K59: 0.52449922
A60: 1 | B60: 126541 | C60: 134527 | D60: Sales | E60: 9 | F60: 1 | G60: 0 | H60: 139 | I60: 0 | J60: 36
A61: 1 | B61: 130518 | C61: 164317 | D61: Other | E61: 9 | F61: 0 | G61: 6 | H61: 192.28915 | I61: 0 | J61: 33 | K61: 35.730559
A62: 1 | B62: 37000 | C62: 52000 | D62: Office | E62: 2 | F62: 0 | G62: 1 | H62: 183.29992 | I62: 0 | J62: 6
A63: 1 | B63: 23200 | C63: 38666 | D63: Other | E63: 11 | F63: 0 | G63: 0 | H63: 162.36667 | I63: 0 | J63: 14
A64: 1 | B64: 19400 | C64: 20494 | D64: Other | E64: 5 | F64: 0 | G64: 0 | H64: 95.933333 | I64: 0 | J64: 9
A65: 1 | B65: 61584 | C65: 61800 | D65: ProfExe | E65: 10
A66: 1 | B66: 41900 | C66: 52490 | D66: Mgr | E66: 3 | F66: 0 | G66: 0 | H66: 72.033333 | I66: 2 | J66: 4
A67: 0 | B67: 83700 | C67: 111800 | D67: ProfExe | E67: 6 | F67: 0 | G67: 0 | H67: 192.73333 | I67: 1 | J67: 28
A68: 0 | B68: 61327 | C68: 76484 | D68: Mgr | E68: 9 | G68: 2 | H68: 202.51078 | I68: 0 | J68: 25 | K68: 41.51639
A69: 0 | B69: 100693 | C69: 114743 | D69: Office | E69: 6 | F69: 0 | G69: 0 | H69: 88.470452 | I69: 0 | J69: 14 | K69: 29.393543
A70: 1 | B70: 48507 | C70: 61000 | D70: Office | E70: 13 | F70: 1 | G70: 4 | H70: 97.4 | I70: 0 | J70: 17
A71: 0 | B71: 52337 | C71: 63989 | D71: Office | E71: 20 | F71: 0 | G71: 0 | H71: 204.2725 | I71: 0 | J71: 20 | K71: 20.470916
A72: 1 | B72: 17857 | C72: 21144 | D72: Other | E72: 5 | F72: 0 | G72: 0 | H72: 129.71732 | I72: 1 | J72: 9 | K72: 26.634348
A73: 1 | B73: 19135 | C73: 97692 | D73: Mgr | E73: 1.6 | F73: 1 | G73: 6 | H73: 252.63333 | I73: 1 | J73: 25
A74: 0 | B74: 51180 | C74: 63459 | D74: Office | E74: 20 | F74: 0 | G74: 0 | H74: 203.75153 | I74: 0 | J74: 20 | K74: 20.067042
A75: 0 | C75: 73189 | K75: 22.253949
A76: 0 | B76: 11543 | C76: 46045 | D76: Self | F76: 0 | G76: 0 | H76: 204.64799 | I76: 0 | J76: 11 | K76: 42.173166
A77: 1 | B77: 29896 | C77: 45960 | D77: Other | E77: 11 | F77: 0 | G77: 0 | H77: 146.12324 | I77: 0 | J77: 14 | K77: 24.478881
A78: 1 | B78: 14500 | C78: 22092 | D78: Other | E78: 3.5 | F78: 0 | G78: 1 | H78: 150.3 | I78: 5 | J78: 8
A79: 0 | B79: 52825 | C79: 63000 | D79: ProfExe | E79: 8 | F79: 0 | G79: 4 | H79: 171.66667 | I79: 1 | J79: 31
A80: 0 | B80: 102143 | C80: 118742 | D80: Office | E80: 2 | F80: 0 | G80: 0 | H80: 85.277366 | I80: 0 | J80: 13 | K80: 29.343921
A81: 1 | B81: 21200 | C81: 39000 | D81: Mgr | E81: 4 | F81: 0 | G81: 1 | H81: 86.566667 | I81: 2 | J81: 14
A82: 0 | B82: 105164 | C82: 112774 | D82: Office | E82: 1 | F82: 0 | G82: 0 | H82: 94.724874 | I82: 0 | J82: 13 | K82: 29.390928
A83: 0 | B83: 54543 | C83: 61777 | D83: Office | E83: 21 | F83: 0 | G83: 0 | H83: 205.58668 | I83: 0 | J83: 19 | K83: 21.806563
A84: 1 | C84: 80609 | D84: Other | E84: 1.5 | F84: 0 | G84: 2 | H84: 126.53333 | I84: 3 | J84: 12
A85: 1 | B85: 26572 | C85: 31960 | D85: Office | E85: 11 | F85: 0 | G85: 0 | H85: 117.7951 | I85: 0 | J85: 8 | K85: 41.286492
A86: 1 | B86: 17000 | C86: 52012 | D86: ProfExe | E86: 22 | F86: 3 | G86: 1 | H86: 85.333333 | I86: 1 | J86: 9
A87: 1 | B87: 29562 | C87: 37200 | D87: Other | E87: 6 | F87: 0 | G87: 0 | H87: 92.133333 | I87: 1 | J87: 26
A88: 1 | B88: 41700 | C88: 76725 | D88: Other | E88: 0.5 | F88: 0 | G88: 3 | H88: 136.13333 | I88: 0 | J88: 15
A89: 1 | B89: 58000 | C89: 69440 | D89: Other | E89: 3.5 | F89: 0 | G89: 1 | H89: 168.66667 | I89: 0 | J89: 18
A90: 1 | B90: 5700 | C90: 18000 | D90: Other | F90: 0 | G90: 0 | H90: 12.2 | I90: 0 | J90: 17
A91: 1 | B91: 45000 | C91: 58350 | D91: Mgr | E91: 3.5 | F91: 0 | G91: 0 | H91: 162 | I91: 3 | J91: 16
A92: 1 | B92: 7000 | C92: 16020 | D92: Other | E92: 18 | F92: 0 | G92: 1 | H92: 85.8 | I92: 2 | J92: 23
A93: 0 | B93: 66000 | C93: 79050 | D93: Other | E93: 1.8 | F93: 2 | G93: 0 | H93: 279 | I93: 1 | J93: 6
A94: 0 | C94: 45760 | E94: 0 | F94: 0 | G94: 0 | I94: 0 | J94: 0
A95: 0 | B95: 62000 | C95: 78000 | D95: Other | E95: 4 | F95: 0 | G95: 0 | H95: 109.56667 | I95: 0 | J95: 15
A96: 0 | B96: 64240 | C96: 63990 | D96: Sales | E96: 5 | F96: 2 | G96: 0 | H96: 160.3 | I96: 1 | J96: 23
A97: 1 | B97: 74000 | C97: 93000 | D97: ProfExe | E97: 2.6 | F97: 1 | G97: 3 | H97: 186.63333 | J97: 9
A98: 1 | B98: 55000 | C98: 59000 | D98: Other | E98: 12 | F98: 2 | G98: 0 | H98: 146.1 | I98: 0 | J98: 22
A99: 0 | B99: 67625 | C99: 80698 | D99: Mgr | E99: 11 | G99: 1 | H99: 212.3493 | I99: 0 | J99: 25 | K99: 39.128718
A100: 0 | B100: 67533 | C100: 71865 | D100: Mgr | E100: 10 | G100: 2 | H100: 227.79299 | I100: 0 | J100: 25 | K100: 39.166329
...

Sheet Data
B1: Total loans | C1: Defaults | D1: Defaults rate
B2: =COUNT(A11:A5970) -> 5960 | C2: =SUM(A11:A5970) -> 1189 | D2: =C2/B2 -> 0.19949664 | L2: Total Exposure EAD | M2: Total RWA | N2: Total Capital Requirement | V2: Total RWA_IRB | W2: Total Capital_IRB
L3: =SUM(Table2[EAD]) -> 4.0140637e+08 | M3: =SUM(Table2[RWA STD]) -> 1.412735e+08 | N3: =SUM(Table2[Capital STD]) -> 11301880 | O3: =M3*0.08 -> 11301880 | V3: =SUM(Table2[RWA_IRB]) -> 718416553 | W3: =SUM(Table2[Capital_IRB]) -> 57473324
A10: BAD | B10: MORTDUE | C10: VALUE | D10: JOB | E10: YOJ | F10: DEROG | G10: DELINQ | H10: CLAGE | I10: NINQ | J10: CLNO | K10: DEBTINC | L10: EAD | M10: Adjusted Value | N10: LTV | O10: Risk Weight | P10: RWA STD | Q10: Capital STD | R10: PD_model | S10: LGD | T10: EAD_IRB | U10: K | V10: RWA_IRB | W10: Capital_IRB
A11: 1 | B11: 25860 | C11: 39025 | D11: Other | E11: 10.5 | F11: 0 | G11: 0 | H11: 94.366667 | I11: 1 | J11: 9 | L11: =$B11 -> 25860 | M11: =IF($C11="", $B11/0.45, $C11) -> 39025 | N11: =IF(M11=0,"",L11/M11) -> 0.66265215 | O11: =IF(N11<=0.5,0.2, IF(N11<=0.6,0.25, IF(N11<=0.8,0.3, IF(N11<=0.9,0.45, IF(N11<=1,0.7,1.05))))) -> 0.3 | P11: =$L11*O11 -> 7758 | Q11: =$P11*0.08 -> 620.64 | R11: 0.21890293 | S11: 0.4 | T11: 25860 | U11: 0.18284302 | V11: 59104.006 | W11: 4728.3204
A12: 1 | B12: 70053 | C12: 68400 | D12: Other | E12: 7 | F12: 0 | G12: 2 | H12: 121.83333 | I12: 0 | J12: 14 | L12: =$B12 -> 70053 | M12: =IF($C12="", $B12/0.45, $C12) -> 68400 | N12: =IF(M12=0,"",L12/M12) -> 1.0241667 | O12: =IF(N12<=0.5,0.2, IF(N12<=0.6,0.25, IF(N12<=0.8,0.3, IF(N12<=0.9,0.45, IF(N12<=1,0.7,1.05))))) -> 1.05 | P12: =$L12*O12 -> 73555.65 | Q12: =$P12*0.08 -> 5884.452 | R12: 0.47965467 | S12: 0.4 | T12: 70053 | U12: 0.16535115 | V12: 144791.8 | W12: 11583.344
A13: 1 | B13: 13500 | C13: 16700 | D13: Other | E13: 4 | F13: 0 | G13: 0 | H13: 149.46667 | I13: 1 | J13: 10 | L13: =$B13 -> 13500 | M13: =IF($C13="", $B13/0.45, $C13) -> 16700 | N13: =IF(M13=0,"",L13/M13) -> 0.80838323 | O13: =IF(N13<=0.5,0.2, IF(N13<=0.6,0.25, IF(N13<=0.8,0.3, IF(N13<=0.9,0.45, IF(N13<=1,0.7,1.05))))) -> 0.45 | P13: =$L13*O13 -> 6075 | Q13: =$P13*0.08 -> 486 | R13: 0.17134244 | S13: 0.4 | T13: 13500 | U13: 0.17387082 | V13: 29340.7 | W13: 2347.256
A14: 1 | L14: =$B14 | M14: =IF($C14="", $B14/0.45, $C14) -> 0 | N14: =IF(M14=0,"",L14/M14) | O14: =IF(N14<=0.5,0.2, IF(N14<=0.6,0.25, IF(N14<=0.8,0.3, IF(N14<=0.9,0.45, IF(N14<=1,0.7,1.05))))) -> 1.05 | P14: =$L14*O14 -> 0 | Q14: =$P14*0.08 -> 0 | R14: 0.12287614 | S14: 0.4 | T14: 0 | U14: 0.15709862 | V14: 0 | W14: 0
A15: 0 | B15: 97800 | C15: 112000 | D15: Office | E15: 3 | F15: 0 | G15: 0 | H15: 93.333333 | I15: 0 | J15: 14 | L15: =$B15 -> 97800 | M15: =IF($C15="", $B15/0.45, $C15) -> 112000 | N15: =IF(M15=0,"",L15/M15) -> 0.87321429 | O15: =IF(N15<=0.5,0.2, IF(N15<=0.6,0.25, IF(N15<=0.8,0.3, IF(N15<=0.9,0.45, IF(N15<=1,0.7,1.05))))) -> 0.45 | P15: =$L15*O15 -> 44010 | Q15: =$P15*0.08 -> 3520.8 | R15: 0.10125919 | S15: 0.4 | T15: 97800 | U15: 0.14608634 | V15: 178590.55 | W15: 14287.244
A16: 1 | B16: 30548 | C16: 40320 | D16: Other | E16: 9 | F16: 0 | G16: 0 | H16: 101.466 | I16: 1 | J16: 8 | K16: 37.113614 | L16: =$B16 -> 30548 | M16: =IF($C16="", $B16/0.45, $C16) -> 40320 | N16: =IF(M16=0,"",L16/M16) -> 0.75763889 | O16: =IF(N16<=0.5,0.2, IF(N16<=0.6,0.25, IF(N16<=0.8,0.3, IF(N16<=0.9,0.45, IF(N16<=1,0.7,1.05))))) -> 0.3 | P16: =$L16*O16 -> 9164.4 | Q16: =$P16*0.08 -> 733.152 | R16: 0.24463827 | S16: 0.4 | T16: 30548 | U16: 0.18542878 | V16: 70805.979 | W16: 5664.4783
A17: 1 | B17: 48649 | C17: 57037 | D17: Other | E17: 5 | F17: 3 | G17: 2 | H17: 77.1 | I17: 1 | J17: 17 | L17: =$B17 -> 48649 | M17: =IF($C17="", $B17/0.45, $C17) -> 57037 | N17: =IF(M17=0,"",L17/M17) -> 0.85293757 | O17: =IF(N17<=0.5,0.2, IF(N17<=0.6,0.25, IF(N17<=0.8,0.3, IF(N17<=0.9,0.45, IF(N17<=1,0.7,1.05))))) -> 0.45 | P17: =$L17*O17 -> 21892.05 | Q17: =$P17*0.08 -> 1751.364 | R17: 0.88293551 | S17: 0.4 | T17: 48649 | U17: 0.044898823 | V17: 27303.536 | W17: 2184.2829
A18: 1 | B18: 28502 | C18: 43034 | D18: Other | E18: 11 | F18: 0 | G18: 0 | H18: 88.76603 | I18: 0 | J18: 8 | K18: 36.884894 | L18: =$B18 -> 28502 | M18: =IF($C18="", $B18/0.45, $C18) -> 43034 | N18: =IF(M18=0,"",L18/M18) -> 0.66231352 | O18: =IF(N18<=0.5,0.2, IF(N18<=0.6,0.25, IF(N18<=0.8,0.3, IF(N18<=0.9,0.45, IF(N18<=1,0.7,1.05))))) -> 0.3 | P18: =$L18*O18 -> 8550.6 | Q18: =$P18*0.08 -> 684.048 | R18: 0.22896573 | S18: 0.4 | T18: 28502 | U18: 0.18402054 | V18: 65561.918 | W18: 5244.9534
A19: 1 | B19: 32700 | C19: 46740 | D19: Other | E19: 3 | F19: 0 | G19: 2 | H19: 216.93333 | I19: 1 | J19: 12 | L19: =$B19 -> 32700 | M19: =IF($C19="", $B19/0.45, $C19) -> 46740 | N19: =IF(M19=0,"",L19/M19) -> 0.69961489 | O19: =IF(N19<=0.5,0.2, IF(N19<=0.6,0.25, IF(N19<=0.8,0.3, IF(N19<=0.9,0.45, IF(N19<=1,0.7,1.05))))) -> 0.3 | P19: =$L19*O19 -> 9810 | Q19: =$P19*0.08 -> 784.8 | R19: 0.39224973 | S19: 0.4 | T19: 32700 | U19: 0.17978772 | V19: 73488.229 | W19: 5879.0583
A20: 1 | C20: 62250 | D20: Sales | E20: 16 | F20: 0 | G20: 0 | H20: 115.8 | I20: 0 | J20: 13 | L20: =$B20 | M20: =IF($C20="", $B20/0.45, $C20) -> 62250 | N20: =IF(M20=0,"",L20/M20) -> 0 | O20: =IF(N20<=0.5,0.2, IF(N20<=0.6,0.25, IF(N20<=0.8,0.3, IF(N20<=0.9,0.45, IF(N20<=1,0.7,1.05))))) -> 0.2 | P20: =$L20*O20 -> 0 | Q20: =$P20*0.08 -> 0 | R20: 0.36092997 | S20: 0.4 | T20: 0 | U20: 0.18327943 | V20: 0 | W20: 0
A21: 1 | B21: 22608 | E21: 18 | L21: =$B21 -> 22608 | M21: =IF($C21="", $B21/0.45, $C21) -> 50240 | N21: =IF(M21=0,"",L21/M21) -> 0.45 | O21: =IF(N21<=0.5,0.2, IF(N21<=0.6,0.25, IF(N21<=0.8,0.3, IF(N21<=0.9,0.45, IF(N21<=1,0.7,1.05))))) -> 0.2 | P21: =$L21*O21 -> 4521.6 | Q21: =$P21*0.08 -> 361.728 | R21: 0.1149779 | S21: 0.4 | T21: 22608 | U21: 0.15338039 | V21: 43345.297 | W21: 3467.6238
A22: 1 | B22: 20627 | C22: 29800 | D22: Office | E22: 11 | F22: 0 | G22: 1 | H22: 122.53333 | I22: 1 | J22: 9 | L22: =$B22 -> 20627 | M22: =IF($C22="", $B22/0.45, $C22) -> 29800 | N22: =IF(M22=0,"",L22/M22) -> 0.69218121 | O22: =IF(N22<=0.5,0.2, IF(N22<=0.6,0.25, IF(N22<=0.8,0.3, IF(N22<=0.9,0.45, IF(N22<=1,0.7,1.05))))) -> 0.3 | P22: =$L22*O22 -> 6188.1 | Q22: =$P22*0.08 -> 495.048 | R22: 0.20170398 | S22: 0.4 | T22: 20627 | U22: 0.1802884 | V22: 46485.11 | W22: 3718.8088
A23: 1 | B23: 45000 | C23: 55000 | D23: Other | E23: 3 | F23: 0 | G23: 0 | H23: 86.066667 | I23: 2 | J23: 25 | L23: =$B23 -> 45000 | M23: =IF($C23="", $B23/0.45, $C23) -> 55000 | N23: =IF(M23=0,"",L23/M23) -> 0.81818182 | O23: =IF(N23<=0.5,0.2, IF(N23<=0.6,0.25, IF(N23<=0.8,0.3, IF(N23<=0.9,0.45, IF(N23<=1,0.7,1.05))))) -> 0.45 | P23: =$L23*O23 -> 20250 | Q23: =$P23*0.08 -> 1620 | R23: 0.19691079 | S23: 0.4 | T23: 45000 | U23: 0.17944561 | V23: 100938.16 | W23: 8075.0526
A24: 0 | B24: 64536 | C24: 87400 | D24: Mgr | E24: 2.5 | F24: 0 | G24: 0 | H24: 147.13333 | I24: 0 | J24: 24 | L24: =$B24 -> 64536 | M24: =IF($C24="", $B24/0.45, $C24) -> 87400 | N24: =IF(M24=0,"",L24/M24) -> 0.73839817 | O24: =IF(N24<=0.5,0.2, IF(N24<=0.6,0.25, IF(N24<=0.8,0.3, IF(N24<=0.9,0.45, IF(N24<=1,0.7,1.05))))) -> 0.3 | P24: =$L24*O24 -> 19360.8 | Q24: =$P24*0.08 -> 1548.864 | R24: 0.11442786 | S24: 0.4 | T24: 64536 | U24: 0.15310902 | V24: 123513.05 | W24: 9881.0437
A25: 1 | B25: 71000 | C25: 83850 | D25: Other | E25: 8 | F25: 0 | G25: 1 | H25: 123 | I25: 0 | J25: 16 | L25: =$B25 -> 71000 | M25: =IF($C25="", $B25/0.45, $C25) -> 83850 | N25: =IF(M25=0,"",L25/M25) -> 0.84675015 | O25: =IF(N25<=0.5,0.2, IF(N25<=0.6,0.25, IF(N25<=0.8,0.3, IF(N25<=0.9,0.45, IF(N25<=1,0.7,1.05))))) -> 0.45 | P25: =$L25*O25 -> 31950 | Q25: =$P25*0.08 -> 2556 | R25: 0.28312035 | S25: 0.4 | T25: 71000 | U25: 0.18694426 | V25: 165913.03 | W25: 13273.043
A26: 1 | B26: 24280 | C26: 34687 | D26: Other | F26: 0 | G26: 1 | H26: 300.86667 | I26: 0 | J26: 8 | L26: =$B26 -> 24280 | M26: =IF($C26="", $B26/0.45, $C26) -> 34687 | N26: =IF(M26=0,"",L26/M26) -> 0.69997405 | O26: =IF(N26<=0.5,0.2, IF(N26<=0.6,0.25, IF(N26<=0.8,0.3, IF(N26<=0.9,0.45, IF(N26<=1,0.7,1.05))))) -> 0.3 | P26: =$L26*O26 -> 7284 | Q26: =$P26*0.08 -> 582.72 | R26: 0.14303485 | S26: 0.4 | T26: 24280 | U26: 0.16522286 | V26: 50145.138 | W26: 4011.611
A27: 1 | B27: 90957 | C27: 102600 | D27: Mgr | E27: 7 | F27: 2 | G27: 6 | H27: 122.9 | I27: 1 | J27: 22 | L27: =$B27 -> 90957 | M27: =IF($C27="", $B27/0.45, $C27) -> 102600 | N27: =IF(M27=0,"",L27/M27) -> 0.88652047 | O27: =IF(N27<=0.5,0.2, IF(N27<=0.6,0.25, IF(N27<=0.8,0.3, IF(N27<=0.9,0.45, IF(N27<=1,0.7,1.05))))) -> 0.45 | P27: =$L27*O27 -> 40930.65 | Q27: =$P27*0.08 -> 3274.452 | R27: 0.98441901 | S27: 0.4 | T27: 90957 | U27: 0.0061769245 | V27: 7022.9315 | W27: 561.83452
A28: 1 | B28: 23030 | E28: 19 | K28: 3.7113123 | L28: =$B28 -> 23030 | M28: =IF($C28="", $B28/0.45, $C28) -> 51177.778 | N28: =IF(M28=0,"",L28/M28) -> 0.45 | O28: =IF(N28<=0.5,0.2, IF(N28<=0.6,0.25, IF(N28<=0.8,0.3, IF(N28<=0.9,0.45, IF(N28<=1,0.7,1.05))))) -> 0.2 | P28: =$L28*O28 -> 4606 | Q28: =$P28*0.08 -> 368.48 | R28: 0.015126635 | S28: 0.4 | T28: 23030 | U28: 0.052507201 | V28: 15115.511 | W28: 1209.2408
A29: 1 | B29: 28192 | C29: 40150 | D29: Other | E29: 4.5 | F29: 0 | G29: 0 | H29: 54.6 | I29: 1 | J29: 16 | L29: =$B29 -> 28192 | M29: =IF($C29="", $B29/0.45, $C29) -> 40150 | N29: =IF(M29=0,"",L29/M29) -> 0.70216687 | O29: =IF(N29<=0.5,0.2, IF(N29<=0.6,0.25, IF(N29<=0.8,0.3, IF(N29<=0.9,0.45, IF(N29<=1,0.7,1.05))))) -> 0.3 | P29: =$L29*O29 -> 8457.6 | Q29: =$P29*0.08 -> 676.608 | R29: 0.23934793 | S29: 0.4 | T29: 28192 | U29: 0.18500901 | V29: 65197.174 | W29: 5215.7739
A30: 0 | B30: 102370 | C30: 120953 | D30: Office | E30: 2 | F30: 0 | G30: 0 | H30: 90.992533 | I30: 0 | J30: 13 | K30: 31.588503 | L30: =$B30 -> 102370 | M30: =IF($C30="", $B30/0.45, $C30) -> 120953 | N30: =IF(M30=0,"",L30/M30) -> 0.84636181 | O30: =IF(N30<=0.5,0.2, IF(N30<=0.6,0.25, IF(N30<=0.8,0.3, IF(N30<=0.9,0.45, IF(N30<=1,0.7,1.05))))) -> 0.45 | P30: =$L30*O30 -> 46066.5 | Q30: =$P30*0.08 -> 3685.32 | R30: 0.085982386 | S30: 0.4 | T30: 102370 | U30: 0.13650567 | V30: 174676.06 | W30: 13974.085
A31: 1 | B31: 37626 | C31: 46200 | D31: Other | E31: 3 | F31: 0 | G31: 1 | H31: 122.26667 | I31: 1 | J31: 14 | L31: =$B31 -> 37626 | M31: =IF($C31="", $B31/0.45, $C31) -> 46200 | N31: =IF(M31=0,"",L31/M31) -> 0.81441558 | O31: =IF(N31<=0.5,0.2, IF(N31<=0.6,0.25, IF(N31<=0.8,0.3, IF(N31<=0.9,0.45, IF(N31<=1,0.7,1.05))))) -> 0.45 | P31: =$L31*O31 -> 16931.7 | Q31: =$P31*0.08 -> 1354.536 | R31: 0.3291311 | S31: 0.4 | T31: 37626 | U31: 0.18572187 | V31: 87349.637 | W31: 6987.971
A32: 1 | B32: 50000 | C32: 73395 | D32: ProfExe | E32: 5 | F32: 1 | G32: 0 | I32: 1 | J32: 0 | L32: =$B32 -> 50000 | M32: =IF($C32="", $B32/0.45, $C32) -> 73395 | N32: =IF(M32=0,"",L32/M32) -> 0.68124532 | O32: =IF(N32<=0.5,0.2, IF(N32<=0.6,0.25, IF(N32<=0.8,0.3, IF(N32<=0.9,0.45, IF(N32<=1,0.7,1.05))))) -> 0.3 | P32: =$L32*O32 -> 15000 | Q32: =$P32*0.08 -> 1200 | R32: 0.28630072 | S32: 0.4 | T32: 50000 | U32: 0.18695852 | V32: 116849.08 | W32: 9347.9262
A33: 1 | B33: 28000 | C33: 40800 | D33: Mgr | E33: 12 | F33: 0 | G33: 0 | H33: 67.2 | I33: 2 | J33: 22 | L33: =$B33 -> 28000 | M33: =IF($C33="", $B33/0.45, $C33) -> 40800 | N33: =IF(M33=0,"",L33/M33) -> 0.68627451 | O33: =IF(N33<=0.5,0.2, IF(N33<=0.6,0.25, IF(N33<=0.8,0.3, IF(N33<=0.9,0.45, IF(N33<=1,0.7,1.05))))) -> 0.3 | P33: =$L33*O33 -> 8400 | Q33: =$P33*0.08 -> 672 | R33: 0.20947359 | S33: 0.4 | T33: 28000 | U33: 0.1815308 | V33: 63535.781 | W33: 5082.8625
A34: 1 | B34: 18000 | D34: Mgr | E34: 22 | G34: 2 | H34: 121.73333 | I34: 0 | J34: 10 | L34: =$B34 -> 18000 | M34: =IF($C34="", $B34/0.45, $C34) -> 40000 | N34: =IF(M34=0,"",L34/M34) -> 0.45 | O34: =IF(N34<=0.5,0.2, IF(N34<=0.6,0.25, IF(N34<=0.8,0.3, IF(N34<=0.9,0.45, IF(N34<=1,0.7,1.05))))) -> 0.2 | P34: =$L34*O34 -> 3600 | Q34: =$P34*0.08 -> 288 | R34: 0.4668079 | S34: 0.4 | T34: 18000 | U34: 0.16785273 | V34: 37766.865 | W34: 3021.3492
A35: 1 | C35: 17180 | D35: Other | F35: 0 | G35: 0 | H35: 14.566667 | I35: 3 | J35: 4 | L35: =$B35 | M35: =IF($C35="", $B35/0.45, $C35) -> 17180 | N35: =IF(M35=0,"",L35/M35) -> 0 | O35: =IF(N35<=0.5,0.2, IF(N35<=0.6,0.25, IF(N35<=0.8,0.3, IF(N35<=0.9,0.45, IF(N35<=1,0.7,1.05))))) -> 0.2 | P35: =$L35*O35 -> 0 | Q35: =$P35*0.08 -> 0 | R35: 0.40207598 | S35: 0.4 | T35: 0 | U35: 0.17849135 | V35: 0 | W35: 0
A36: 1 | B36: 34863 | C36: 47471 | D36: Mgr | E36: 12 | F36: 0 | G36: 0 | H36: 70.49108 | I36: 1 | J36: 21 | K36: 38.263601 | L36: =$B36 -> 34863 | M36: =IF($C36="", $B36/0.45, $C36) -> 47471 | N36: =IF(M36=0,"",L36/M36) -> 0.73440627 | O36: =IF(N36<=0.5,0.2, IF(N36<=0.6,0.25, IF(N36<=0.8,0.3, IF(N36<=0.9,0.45, IF(N36<=1,0.7,1.05))))) -> 0.3 | P36: =$L36*O36 -> 10458.9 | Q36: =$P36*0.08 -> 836.712 | R36: 0.22703245 | S36: 0.4 | T36: 34863 | U36: 0.18381151 | V36: 80102.757 | W36: 6408.2205
A37: 0 | B37: 98449 | C37: 117195 | D37: Office | E37: 4 | F37: 0 | G37: 0 | H37: 93.811775 | I37: 0 | J37: 13 | K37: 29.681827 | L37: =$B37 -> 98449 | M37: =IF($C37="", $B37/0.45, $C37) -> 117195 | N37: =IF(M37=0,"",L37/M37) -> 0.84004437 | O37: =IF(N37<=0.5,0.2, IF(N37<=0.6,0.25, IF(N37<=0.8,0.3, IF(N37<=0.9,0.45, IF(N37<=1,0.7,1.05))))) -> 0.45 | P37: =$L37*O37 -> 44302.05 | Q37: =$P37*0.08 -> 3544.164 | R37: 0.074170077 | S37: 0.4 | T37: 98449 | U37: 0.12782248 | V37: 157299.94 | W37: 12583.995
A38: 1 | B38: 15000 | C38: 20200 | E38: 18 | F38: 0 | G38: 0 | H38: 136.06667 | I38: 1 | J38: 19 | L38: =$B38 -> 15000 | M38: =IF($C38="", $B38/0.45, $C38) -> 20200 | N38: =IF(M38=0,"",L38/M38) -> 0.74257426 | O38: =IF(N38<=0.5,0.2, IF(N38<=0.6,0.25, IF(N38<=0.8,0.3, IF(N38<=0.9,0.45, IF(N38<=1,0.7,1.05))))) -> 0.3 | P38: =$L38*O38 -> 4500 | Q38: =$P38*0.08 -> 360 | R38: 0.14195941 | S38: 0.4 | T38: 15000 | U38: 0.16483457 | V38: 30906.482 | W38: 2472.5186
A39: 1 | B39: 25116 | C39: 36350 | D39: Other | E39: 10 | F39: 1 | G39: 2 | H39: 276.96667 | I39: 0 | J39: 9 | L39: =$B39 -> 25116 | M39: =IF($C39="", $B39/0.45, $C39) -> 36350 | N39: =IF(M39=0,"",L39/M39) -> 0.69094911 | O39: =IF(N39<=0.5,0.2, IF(N39<=0.6,0.25, IF(N39<=0.8,0.3, IF(N39<=0.9,0.45, IF(N39<=1,0.7,1.05))))) -> 0.3 | P39: =$L39*O39 -> 7534.8 | Q39: =$P39*0.08 -> 602.784 | R39: 0.42121596 | S39: 0.4 | T39: 25116 | U39: 0.17571162 | V39: 55164.662 | W39: 4413.173
A40: 0 | B40: 7229 | C40: 44516 | D40: Self | F40: 0 | G40: 0 | H40: 208 | I40: 0 | J40: 12 | L40: =$B40 -> 7229 | M40: =IF($C40="", $B40/0.45, $C40) -> 44516 | N40: =IF(M40=0,"",L40/M40) -> 0.16239105 | O40: =IF(N40<=0.5,0.2, IF(N40<=0.6,0.25, IF(N40<=0.8,0.3, IF(N40<=0.9,0.45, IF(N40<=1,0.7,1.05))))) -> 0.2 | P40: =$L40*O40 -> 1445.8 | Q40: =$P40*0.08 -> 115.664 | R40: 0.17670432 | S40: 0.4 | T40: 7229 | U40: 0.1752001 | V40: 15831.519 | W40: 1266.5216
A41: 0 | B41: 71408 | C41: 78600 | D41: ProfExe | E41: 8 | F41: 0 | G41: 0 | H41: 255.73333 | I41: 0 | J41: 12 | L41: =$B41 -> 71408 | M41: =IF($C41="", $B41/0.45, $C41) -> 78600 | N41: =IF(M41=0,"",L41/M41) -> 0.90849873 | O41: =IF(N41<=0.5,0.2, IF(N41<=0.6,0.25, IF(N41<=0.8,0.3, IF(N41<=0.9,0.45, IF(N41<=1,0.7,1.05))))) -> 0.7 | P41: =$L41*O41 -> 49985.6 | Q41: =$P41*0.08 -> 3998.848 | R41: 0.081912023 | S41: 0.4 | T41: 71408 | U41: 0.13365174 | V41: 119297.54 | W41: 9543.8035
A42: 1 | B42: 50795 | C42: 63100 | D42: Self | E42: 26 | F42: 2 | G42: 15 | H42: 145.63333 | I42: 3 | J42: 45 | L42: =$B42 -> 50795 | M42: =IF($C42="", $B42/0.45, $C42) -> 63100 | N42: =IF(M42=0,"",L42/M42) -> 0.80499208 | O42: =IF(N42<=0.5,0.2, IF(N42<=0.6,0.25, IF(N42<=0.8,0.3, IF(N42<=0.9,0.45, IF(N42<=1,0.7,1.05))))) -> 0.45 | P42: =$L42*O42 -> 22857.75 | Q42: =$P42*0.08 -> 1828.62 | R42: 0.99998805 | S42: 0.4 | T42: 50795 | U42: 4.7790197e-06 | V42: 3.0343788 | W42: 0.24275031
A43: 1 | B43: 4000 | C43: 60850 | D43: Other | E43: 16 | F43: 4 | G43: 0 | H43: 112.63333 | I43: 2 | J43: 9 | L43: =$B43 -> 4000 | M43: =IF($C43="", $B43/0.45, $C43) -> 60850 | N43: =IF(M43=0,"",L43/M43) -> 0.065735415 | O43: =IF(N43<=0.5,0.2, IF(N43<=0.6,0.25, IF(N43<=0.8,0.3, IF(N43<=0.9,0.45, IF(N43<=1,0.7,1.05))))) -> 0.2 | P43: =$L43*O43 -> 800 | Q43: =$P43*0.08 -> 64 | R43: 0.74297413 | S43: 0.4 | T43: 4000 | U43: 0.093837778 | V43: 4691.8889 | W43: 375.35111
A44: 1 | B44: 78600 | C44: 113000 | D44: ProfExe | E44: 6 | F44: 1 | G44: 0 | H44: 165.33333 | I44: 2 | J44: 26 | L44: =$B44 -> 78600 | M44: =IF($C44="", $B44/0.45, $C44) -> 113000 | N44: =IF(M44=0,"",L44/M44) -> 0.69557522 | O44: =IF(N44<=0.5,0.2, IF(N44<=0.6,0.25, IF(N44<=0.8,0.3, IF(N44<=0.9,0.45, IF(N44<=1,0.7,1.05))))) -> 0.3 | P44: =$L44*O44 -> 23580 | Q44: =$P44*0.08 -> 1886.4 | R44: 0.20789288 | S44: 0.4 | T44: 78600 | U44: 0.18129013 | V44: 178117.55 | W44: 14249.404
A45: 0 | B45: 103949 | C45: 112505 | D45: Office | E45: 1 | F45: 0 | G45: 0 | H45: 96.10233 | I45: 0 | J45: 13 | K45: 30.051136 | L45: =$B45 -> 103949 | M45: =IF($C45="", $B45/0.45, $C45) -> 112505 | N45: =IF(M45=0,"",L45/M45) -> 0.92395005 | O45: =IF(N45<=0.5,0.2, IF(N45<=0.6,0.25, IF(N45<=0.8,0.3, IF(N45<=0.9,0.45, IF(N45<=1,0.7,1.05))))) -> 0.7 | P45: =$L45*O45 -> 72764.3 | Q45: =$P45*0.08 -> 5821.144 | R45: 0.076415411 | S45: 0.4 | T45: 103949 | U45: 0.12957008 | V45: 168358.5 | W45: 13468.68
A46: 0 | B46: 104373 | C46: 120702 | D46: Office | E46: 2 | F46: 0 | G46: 0 | H46: 101.5403 | I46: 0 | J46: 13 | K46: 29.915859 | L46: =$B46 -> 104373 | M46: =IF($C46="", $B46/0.45, $C46) -> 120702 | N46: =IF(M46=0,"",L46/M46) -> 0.86471641 | O46: =IF(N46<=0.5,0.2, IF(N46<=0.6,0.25, IF(N46<=0.8,0.3, IF(N46<=0.9,0.45, IF(N46<=1,0.7,1.05))))) -> 0.45 | P46: =$L46*O46 -> 46967.85 | Q46: =$P46*0.08 -> 3757.428 | R46: 0.073079544 | S46: 0.4 | T46: 104373 | U46: 0.12695604 | V46: 165634.78 | W46: 13250.782
A47: 1 | B47: 7750 | C47: 67996 | D47: Other | E47: 16 | F47: 3 | G47: 0 | H47: 122.20466 | I47: 2 | J47: 8 | K47: 36.211348 | L47: =$B47 -> 7750 | M47: =IF($C47="", $B47/0.45, $C47) -> 67996 | N47: =IF(M47=0,"",L47/M47) -> 0.11397729 | O47: =IF(N47<=0.5,0.2, IF(N47<=0.6,0.25, IF(N47<=0.8,0.3, IF(N47<=0.9,0.45, IF(N47<=1,0.7,1.05))))) -> 0.2 | P47: =$L47*O47 -> 1550 | Q47: =$P47*0.08 -> 124 | R47: 0.63016431 | S47: 0.4 | T47: 7750 | U47: 0.12849397 | V47: 12447.854 | W47: 995.8283
A48: 1 | B48: 61962 | C48: 70915 | D48: Mgr | E48: 2 | F48: 0 | G48: 0 | H48: 282.80166 | I48: 3 | J48: 37 | K48: 49.206396 | L48: =$B48 -> 61962 | M48: =IF($C48="", $B48/0.45, $C48) -> 70915 | N48: =IF(M48=0,"",L48/M48) -> 0.87375026 | O48: =IF(N48<=0.5,0.2, IF(N48<=0.6,0.25, IF(N48<=0.8,0.3, IF(N48<=0.9,0.45, IF(N48<=1,0.7,1.05))))) -> 0.45 | P48: =$L48*O48 -> 27882.9 | Q48: =$P48*0.08 -> 2230.632 | R48: 0.14607134 | S48: 0.4 | T48: 61962 | U48: 0.16629375 | V48: 128798.67 | W48: 10303.893
A49: 0 | B49: 104570 | C49: 121729 | D49: Office | E49: 2 | F49: 0 | G49: 0 | H49: 85.884372 | I49: 0 | J49: 14 | K49: 32.059783 | L49: =$B49 -> 104570 | M49: =IF($C49="", $B49/0.45, $C49) -> 121729 | N49: =IF(M49=0,"",L49/M49) -> 0.85903934 | O49: =IF(N49<=0.5,0.2, IF(N49<=0.6,0.25, IF(N49<=0.8,0.3, IF(N49<=0.9,0.45, IF(N49<=1,0.7,1.05))))) -> 0.45 | P49: =$L49*O49 -> 47056.5 | Q49: =$P49*0.08 -> 3764.52 | R49: 0.089136005 | S49: 0.4 | T49: 104570 | U49: 0.13862451 | V49: 181199.56 | W49: 14495.965
A50: 1 | B50: 7000 | C50: 20300 | D50: Other | E50: 3 | F50: 0 | G50: 0 | H50: 50.8 | I50: 5 | J50: 9 | L50: =$B50 -> 7000 | M50: =IF($C50="", $B50/0.45, $C50) -> 20300 | N50: =IF(M50=0,"",L50/M50) -> 0.34482759 | O50: =IF(N50<=0.5,0.2, IF(N50<=0.6,0.25, IF(N50<=0.8,0.3, IF(N50<=0.9,0.45, IF(N50<=1,0.7,1.05))))) -> 0.2 | P50: =$L50*O50 -> 1400 | Q50: =$P50*0.08 -> 112 | R50: 0.39336598 | S50: 0.4 | T50: 7000 | U50: 0.17964507 | V50: 15718.944 | W50: 1257.5155
A51: 1 | C51: 8800 | D51: Other | E51: 2 | F51: 0 | G51: 1 | H51: 77.766667 | I51: 0 | J51: 3 | L51: =$B51 | M51: =IF($C51="", $B51/0.45, $C51) -> 8800 | N51: =IF(M51=0,"",L51/M51) -> 0 | O51: =IF(N51<=0.5,0.2, IF(N51<=0.6,0.25, IF(N51<=0.8,0.3, IF(N51<=0.9,0.45, IF(N51<=1,0.7,1.05))))) -> 0.2 | P51: =$L51*O51 -> 0 | Q51: =$P51*0.08 -> 0 | R51: 0.4200291 | S51: 0.4 | T51: 0 | U51: 0.17589343 | V51: 0 | W51: 0
A52: 1 | C52: 33000 | D52: Other | E52: 1 | F52: 0 | G52: 1 | H52: 23.3 | I52: 1 | J52: 2 | L52: =$B52 | M52: =IF($C52="", $B52/0.45, $C52) -> 33000 | N52: =IF(M52=0,"",L52/M52) -> 0 | O52: =IF(N52<=0.5,0.2, IF(N52<=0.6,0.25, IF(N52<=0.8,0.3, IF(N52<=0.9,0.45, IF(N52<=1,0.7,1.05))))) -> 0.2 | P52: =$L52*O52 -> 0 | Q52: =$P52*0.08 -> 0 | R52: 0.54030454 | S52: 0.4 | T52: 0 | U52: 0.15204754 | V52: 0 | W52: 0
A53: 1 | B53: 119826 | C53: 193500 | D53: Other | E53: 8 | F53: 0 | G53: 0 | H53: 130.03336 | I53: 0 | J53: 27 | L53: =$B53 -> 119826 | M53: =IF($C53="", $B53/0.45, $C53) -> 193500 | N53: =IF(M53=0,"",L53/M53) -> 0.61925581 | O53: =IF(N53<=0.5,0.2, IF(N53<=0.6,0.25, IF(N53<=0.8,0.3, IF(N53<=0.9,0.45, IF(N53<=1,0.7,1.05))))) -> 0.3 | P53: =$L53*O53 -> 35947.8 | Q53: =$P53*0.08 -> 2875.824 | R53: 0.11808564 | S53: 0.4 | T53: 119826 | U53: 0.15488266 | V53: 231987.12 | W53: 18558.969
A54: 1 | B54: 20000 | C54: 29750 | D54: Other | E54: 2 | F54: 0 | G54: 0 | H54: 187.06667 | I54: 0 | J54: 12 | L54: =$B54 -> 20000 | M54: =IF($C54="", $B54/0.45, $C54) -> 29750 | N54: =IF(M54=0,"",L54/M54) -> 0.67226891 | O54: =IF(N54<=0.5,0.2, IF(N54<=0.6,0.25, IF(N54<=0.8,0.3, IF(N54<=0.9,0.45, IF(N54<=1,0.7,1.05))))) -> 0.3 | P54: =$L54*O54 -> 6000 | Q54: =$P54*0.08 -> 480 | R54: 0.1231417 | S54: 0.4 | T54: 20000 | U54: 0.15721802 | V54: 39304.506 | W54: 3144.3605
A55: 1 | C55: 14500 | D55: Other | E55: 3 | F55: 0 | G55: 0 | H55: 9.3 | I55: 14 | J55: 2 | L55: =$B55 | M55: =IF($C55="", $B55/0.45, $C55) -> 14500 | N55: =IF(M55=0,"",L55/M55) -> 0 | O55: =IF(N55<=0.5,0.2, IF(N55<=0.6,0.25, IF(N55<=0.8,0.3, IF(N55<=0.9,0.45, IF(N55<=1,0.7,1.05))))) -> 0.2 | P55: =$L55*O55 -> 0 | Q55: =$P55*0.08 -> 0 | R55: 0.76221939 | S55: 0.4 | T55: 0 | U55: 0.0874594 | V55: 0 | W55: 0
A56: 1 | C56: 14100 | D56: Other | E56: 1 | F56: 0 | G56: 0 | H56: 104.2 | I56: 0 | J56: 19 | L56: =$B56 | M56: =IF($C56="", $B56/0.45, $C56) -> 14100 | N56: =IF(M56=0,"",L56/M56) -> 0 | O56: =IF(N56<=0.5,0.2, IF(N56<=0.6,0.25, IF(N56<=0.8,0.3, IF(N56<=0.9,0.45, IF(N56<=1,0.7,1.05))))) -> 0.2 | P56: =$L56*O56 -> 0 | Q56: =$P56*0.08 -> 0 | R56: 0.16428413 | S56: 0.4 | T56: 0 | U56: 0.17197993 | V56: 0 | W56: 0
A57: 1 | B57: 47000 | C57: 82700 | D57: ProfExe | E57: 10 | F57: 0 | G57: 1 | H57: 262.16667 | I57: 5 | J57: 26 | L57: =$B57 -> 47000 | M57: =IF($C57="", $B57/0.45, $C57) -> 82700 | N57: =IF(M57=0,"",L57/M57) -> 0.56831923 | O57: =IF(N57<=0.5,0.2, IF(N57<=0.6,0.25, IF(N57<=0.8,0.3, IF(N57<=0.9,0.45, IF(N57<=1,0.7,1.05))))) -> 0.25 | P57: =$L57*O57 -> 11750 | Q57: =$P57*0.08 -> 940 | R57: 0.20772274 | S57: 0.4 | T57: 47000 | U57: 0.18126386 | V57: 106492.52 | W57: 8519.4015
A58: 1 | B58: 34542 | C58: 45900 | D58: Mgr | E58: 8.5 | F58: 0 | G58: 2 | H58: 62.366667 | I58: 0 | J58: 10 | L58: =$B58 -> 34542 | M58: =IF($C58="", $B58/0.45, $C58) -> 45900 | N58: =IF(M58=0,"",L58/M58) -> 0.75254902 | O58: =IF(N58<=0.5,0.2, IF(N58<=0.6,0.25, IF(N58<=0.8,0.3, IF(N58<=0.9,0.45, IF(N58<=1,0.7,1.05))))) -> 0.3 | P58: =$L58*O58 -> 10362.6 | Q58: =$P58*0.08 -> 829.008 | R58: 0.57700977 | S58: 0.4 | T58: 34542 | U58: 0.14292869 | V58: 61713.037 | W58: 4937.0429
A59: 0 | B59: 58000 | C59: 71500 | D59: Mgr | E59: 10 | G59: 2 | H59: 211.93333 | I59: 0 | J59: 25 | L59: =$B59 -> 58000 | M59: =IF($C59="", $B59/0.45, $C59) -> 71500 | N59: =IF(M59=0,"",L59/M59) -> 0.81118881 | O59: =IF(N59<=0.5,0.2, IF(N59<=0.6,0.25, IF(N59<=0.8,0.3, IF(N59<=0.9,0.45, IF(N59<=1,0.7,1.05))))) -> 0.45 | P59: =$L59*O59 -> 26100 | Q59: =$P59*0.08 -> 2088 | R59: 0.28341182 | S59: 0.4 | T59: 58000 | U59: 0.18694623 | V59: 135536.01 | W59: 10842.881
A60: 0 | B60: 47000 | C60: 56400 | D60: Office | E60: 21 | F60: 0 | G60: 0 | H60: 201.86667 | I60: 0 | J60: 20 | L60: =$B60 -> 47000 | M60: =IF($C60="", $B60/0.45, $C60) -> 56400 | N60: =IF(M60=0,"",L60/M60) -> 0.83333333 | O60: =IF(N60<=0.5,0.2, IF(N60<=0.6,0.25, IF(N60<=0.8,0.3, IF(N60<=0.9,0.45, IF(N60<=1,0.7,1.05))))) -> 0.45 | P60: =$L60*O60 -> 21150 | Q60: =$P60*0.08 -> 1692 | R60: 0.04369899 | S60: 0.4 | T60: 47000 | U60: 0.09818667 | V60: 57684.668 | W60: 4614.7735
A61: 1 | B61: 39589 | C61: 36100 | D61: Other | E61: 1.5 | F61: 0 | G61: 0 | H61: 153.16667 | I61: 1 | J61: 14 | L61: =$B61 -> 39589 | M61: =IF($C61="", $B61/0.45, $C61) -> 36100 | N61: =IF(M61=0,"",L61/M61) -> 1.0966482 | O61: =IF(N61<=0.5,0.2, IF(N61<=0.6,0.25, IF(N61<=0.8,0.3, IF(N61<=0.9,0.45, IF(N61<=1,0.7,1.05))))) -> 1.05 | P61: =$L61*O61 -> 41568.45 | Q61: =$P61*0.08 -> 3325.476 | R61: 0.15808731 | S61: 0.4 | T61: 39589 | U61: 0.17018077 | V61: 84216.081 | W61: 6737.2865
A62: 0 | C62: 70400 | L62: =$B62 | M62: =IF($C62="", $B62/0.45, $C62) -> 70400 | N62: =IF(M62=0,"",L62/M62) -> 0 | O62: =IF(N62<=0.5,0.2, IF(N62<=0.6,0.25, IF(N62<=0.8,0.3, IF(N62<=0.9,0.45, IF(N62<=1,0.7,1.05))))) -> 0.2 | P62: =$L62*O62 -> 0 | Q62: =$P62*0.08 -> 0 | R62: 0.12287614 | S62: 0.4 | T62: 0 | U62: 0.15709862 | V62: 0 | W62: 0
A63: 0 | B63: 67848 | C63: 74566 | D63: Mgr | E63: 10 | G63: 1 | H63: 206.4266 | I63: 0 | J63: 25 | K63: 40.115677 | L63: =$B63 -> 67848 | M63: =IF($C63="", $B63/0.45, $C63) -> 74566 | N63: =IF(M63=0,"",L63/M63) -> 0.90990532 | O63: =IF(N63<=0.5,0.2, IF(N63<=0.6,0.25, IF(N63<=0.8,0.3, IF(N63<=0.9,0.45, IF(N63<=1,0.7,1.05))))) -> 0.7 | P63: =$L63*O63 -> 47493.6 | Q63: =$P63*0.08 -> 3799.488 | R63: 0.2100574 | S63: 0.4 | T63: 67848 | U63: 0.18161816 | V63: 154030.36 | W63: 12322.429
A64: 1 | B64: 48603 | C64: 61000 | D64: ProfExe | E64: 28 | F64: 0 | G64: 4 | H64: 122.03333 | I64: 1 | J64: 25 | L64: =$B64 -> 48603 | M64: =IF($C64="", $B64/0.45, $C64) -> 61000 | N64: =IF(M64=0,"",L64/M64) -> 0.79677049 | O64: =IF(N64<=0.5,0.2, IF(N64<=0.6,0.25, IF(N64<=0.8,0.3, IF(N64<=0.9,0.45, IF(N64<=1,0.7,1.05))))) -> 0.3 | P64: =$L64*O64 -> 14580.9 | Q64: =$P64*0.08 -> 1166.472 | R64: 0.77265373 | S64: 0.4 | T64: 48603 | U64: 0.083950617 | V64: 51003.148 | W64: 4080.2518
A65: 1 | B65: 27200 | C65: 40834 | D65: Other | F65: 0 | G65: 0 | H65: 298.13156 | I65: 0 | J65: 7 | K65: 35.553539 | L65: =$B65 -> 27200 | M65: =IF($C65="", $B65/0.45, $C65) -> 40834 | N65: =IF(M65=0,"",L65/M65) -> 0.66611157 | O65: =IF(N65<=0.5,0.2, IF(N65<=0.6,0.25, IF(N65<=0.8,0.3, IF(N65<=0.9,0.45, IF(N65<=1,0.7,1.05))))) -> 0.3 | P65: =$L65*O65 -> 8160 | Q65: =$P65*0.08 -> 652.8 | R65: 0.076392325 | S65: 0.4 | T65: 27200 | U65: 0.12955235 | V65: 44047.8 | W65: 3523.824
A66: 1 | B66: 54000 | C66: 64850 | D66: Other | E66: 1 | F66: 0 | G66: 0 | H66: 121.86667 | I66: 3 | J66: 21 | L66: =$B66 -> 54000 | M66: =IF($C66="", $B66/0.45, $C66) -> 64850 | N66: =IF(M66=0,"",L66/M66) -> 0.83269083 | O66: =IF(N66<=0.5,0.2, IF(N66<=0.6,0.25, IF(N66<=0.8,0.3, IF(N66<=0.9,0.45, IF(N66<=1,0.7,1.05))))) -> 0.45 | P66: =$L66*O66 -> 24300 | Q66: =$P66*0.08 -> 1944 | R66: 0.20108995 | S66: 0.4 | T66: 54000 | U66: 0.18018375 | V66: 121624.03 | W66: 9729.9225
A67: 0 | B67: 74864 | C67: 87266 | D67: ProfExe | E67: 7 | F67: 0 | G67: 0 | H67: 250.63127 | I67: 0 | J67: 12 | K67: 42.909997 | L67: =$B67 -> 74864 | M67: =IF($C67="", $B67/0.45, $C67) -> 87266 | N67: =IF(M67=0,"",L67/M67) -> 0.8578828 | O67: =IF(N67<=0.5,0.2, IF(N67<=0.6,0.25, IF(N67<=0.8,0.3, IF(N67<=0.9,0.45, IF(N67<=1,0.7,1.05))))) -> 0.45 | P67: =$L67*O67 -> 33688.8 | Q67: =$P67*0.08 -> 2695.104 | R67: 0.13820882 | S67: 0.4 | T67: 74864 | U67: 0.16344263 | V67: 152949.61 | W67: 12235.969
A68: 1 | B68: 23159 | D68: Mgr | E68: 20 | G68: 2 | H68: 117.80575 | I68: 0 | J68: 9 | K68: 0.52449922 | L68: =$B68 -> 23159 | M68: =IF($C68="", $B68/0.45, $C68) -> 51464.444 | N68: =IF(M68=0,"",L68/M68) -> 0.45 | O68: =IF(N68<=0.5,0.2, IF(N68<=0.6,0.25, IF(N68<=0.8,0.3, IF(N68<=0.9,0.45, IF(N68<=1,0.7,1.05))))) -> 0.2 | P68: =$L68*O68 -> 4631.8 | Q68: =$P68*0.08 -> 370.544 | R68: 0.081724113 | S68: 0.4 | T68: 23159 | U68: 0.13351662 | V68: 38651.393 | W68: 3092.1114
A69: 1 | B69: 126541 | C69: 134527 | D69: Sales | E69: 9 | F69: 1 | G69: 0 | H69: 139 | I69: 0 | J69: 36 | L69: =$B69 -> 126541 | M69: =IF($C69="", $B69/0.45, $C69) -> 134527 | N69: =IF(M69=0,"",L69/M69) -> 0.94063645 | O69: =IF(N69<=0.5,0.2, IF(N69<=0.6,0.25, IF(N69<=0.8,0.3, IF(N69<=0.9,0.45, IF(N69<=1,0.7,1.05))))) -> 0.7 | P69: =$L69*O69 -> 88578.7 | Q69: =$P69*0.08 -> 7086.296 | R69: 0.35416209 | S69: 0.4 | T69: 126541 | U69: 0.18389735 | V69: 290881.94 | W69: 23270.555
A70: 1 | B70: 130518 | C70: 164317 | D70: Other | E70: 9 | F70: 0 | G70: 6 | H70: 192.28915 | I70: 0 | J70: 33 | K70: 35.730559 | L70: =$B70 -> 130518 | M70: =IF($C70="", $B70/0.45, $C70) -> 164317 | N70: =IF(M70=0,"",L70/M70) -> 0.79430613 | O70: =IF(N70<=0.5,0.2, IF(N70<=0.6,0.25, IF(N70<=0.8,0.3, IF(N70<=0.9,0.45, IF(N70<=1,0.7,1.05))))) -> 0.3 | P70: =$L70*O70 -> 39155.4 | Q70: =$P70*0.08 -> 3132.432 | R70: 0.90586127 | S70: 0.4 | T70: 130518 | U70: 0.036370341 | V70: 59337.302 | W70: 4746.9842
A71: 1 | B71: 37000 | C71: 52000 | D71: Office | E71: 2 | F71: 0 | G71: 1 | H71: 183.29992 | I71: 0 | J71: 6 | L71: =$B71 -> 37000 | M71: =IF($C71="", $B71/0.45, $C71) -> 52000 | N71: =IF(M71=0,"",L71/M71) -> 0.71153846 | O71: =IF(N71<=0.5,0.2, IF(N71<=0.6,0.25, IF(N71<=0.8,0.3, IF(N71<=0.9,0.45, IF(N71<=1,0.7,1.05))))) -> 0.3 | P71: =$L71*O71 -> 11100 | Q71: =$P71*0.08 -> 888 | R71: 0.14970145 | S71: 0.4 | T71: 37000 | U71: 0.16752587 | V71: 77480.717 | W71: 6198.4573
A72: 1 | B72: 23200 | C72: 38666 | D72: Other | E72: 11 | F72: 0 | G72: 0 | H72: 162.36667 | I72: 0 | J72: 14 | L72: =$B72 -> 23200 | M72: =IF($C72="", $B72/0.45, $C72) -> 38666 | N72: =IF(M72=0,"",L72/M72) -> 0.60001034 | O72: =IF(N72<=0.5,0.2, IF(N72<=0.6,0.25, IF(N72<=0.8,0.3, IF(N72<=0.9,0.45, IF(N72<=1,0.7,1.05))))) -> 0.3 | P72: =$L72*O72 -> 6960 | Q72: =$P72*0.08 -> 556.8 | R72: 0.1273587 | S72: 0.4 | T72: 23200 | U72: 0.15906744 | V72: 46129.557 | W72: 3690.3645
A73: 1 | B73: 19400 | C73: 20494 | D73: Other | E73: 5 | F73: 0 | G73: 0 | H73: 95.933333 | I73: 0 | J73: 9 | L73: =$B73 -> 19400 | M73: =IF($C73="", $B73/0.45, $C73) -> 20494 | N73: =IF(M73=0,"",L73/M73) -> 0.94661852 | O73: =IF(N73<=0.5,0.2, IF(N73<=0.6,0.25, IF(N73<=0.8,0.3, IF(N73<=0.9,0.45, IF(N73<=1,0.7,1.05))))) -> 0.7 | P73: =$L73*O73 -> 13580 | Q73: =$P73*0.08 -> 1086.4 | R73: 0.20163348 | S73: 0.4 | T73: 19400 | U73: 0.18027643 | V73: 43717.035 | W73: 3497.3628
A74: 1 | B74: 61584 | C74: 61800 | D74: ProfExe | E74: 10 | L74: =$B74 -> 61584 | M74: =IF($C74="", $B74/0.45, $C74) -> 61800 | N74: =IF(M74=0,"",L74/M74) -> 0.99650485 | O74: =IF(N74<=0.5,0.2, IF(N74<=0.6,0.25, IF(N74<=0.8,0.3, IF(N74<=0.9,0.45, IF(N74<=1,0.7,1.05))))) -> 0.7 | P74: =$L74*O74 -> 43108.8 | Q74: =$P74*0.08 -> 3448.704 | R74: 0.11997851 | S74: 0.4 | T74: 61584 | U74: 0.15577244 | V74: 119913.63 | W74: 9593.09
A75: 1 | B75: 41900 | C75: 52490 | D75: Mgr | E75: 3 | F75: 0 | G75: 0 | H75: 72.033333 | I75: 2 | J75: 4 | L75: =$B75 -> 41900 | M75: =IF($C75="", $B75/0.45, $C75) -> 52490 | N75: =IF(M75=0,"",L75/M75) -> 0.79824729 | O75: =IF(N75<=0.5,0.2, IF(N75<=0.6,0.25, IF(N75<=0.8,0.3, IF(N75<=0.9,0.45, IF(N75<=1,0.7,1.05))))) -> 0.3 | P75: =$L75*O75 -> 12570 | Q75: =$P75*0.08 -> 1005.6 | R75: 0.29264905 | S75: 0.4 | T75: 41900 | U75: 0.18694048 | V75: 97910.077 | W75: 7832.8062
A76: 0 | B76: 83700 | C76: 111800 | D76: ProfExe | E76: 6 | F76: 0 | G76: 0 | H76: 192.73333 | I76: 1 | J76: 28 | L76: =$B76 -> 83700 | M76: =IF($C76="", $B76/0.45, $C76) -> 111800 | N76: =IF(M76=0,"",L76/M76) -> 0.74865832 | O76: =IF(N76<=0.5,0.2, IF(N76<=0.6,0.25, IF(N76<=0.8,0.3, IF(N76<=0.9,0.45, IF(N76<=1,0.7,1.05))))) -> 0.3 | P76: =$L76*O76 -> 25110 | Q76: =$P76*0.08 -> 2008.8 | R76: 0.094093921 | S76: 0.4 | T76: 83700 | U76: 0.14180222 | V76: 148360.57 | W76: 11868.846
A77: 0 | B77: 61327 | C77: 76484 | D77: Mgr | E77: 9 | G77: 2 | H77: 202.51078 | I77: 0 | J77: 25 | K77: 41.51639 | L77: =$B77 -> 61327 | M77: =IF($C77="", $B77/0.45, $C77) -> 76484 | N77: =IF(M77=0,"",L77/M77) -> 0.80182783 | O77: =IF(N77<=0.5,0.2, IF(N77<=0.6,0.25, IF(N77<=0.8,0.3, IF(N77<=0.9,0.45, IF(N77<=1,0.7,1.05))))) -> 0.45 | P77: =$L77*O77 -> 27597.15 | Q77: =$P77*0.08 -> 2207.772 | R77: 0.39870606 | S77: 0.4 | T77: 61327 | U77: 0.17894622 | V77: 137177.93 | W77: 10974.235
A78: 0 | B78: 100693 | C78: 114743 | D78: Office | E78: 6 | F78: 0 | G78: 0 | H78: 88.470452 | I78: 0 | J78: 14 | K78: 29.393543 | L78: =$B78 -> 100693 | M78: =IF($C78="", $B78/0.45, $C78) -> 114743 | N78: =IF(M78=0,"",L78/M78) -> 0.87755244 | O78: =IF(N78<=0.5,0.2, IF(N78<=0.6,0.25, IF(N78<=0.8,0.3, IF(N78<=0.9,0.45, IF(N78<=1,0.7,1.05))))) -> 0.45 | P78: =$L78*O78 -> 45311.85 | Q78: =$P78*0.08 -> 3624.948 | R78: 0.072488958 | S78: 0.4 | T78: 100693 | U78: 0.12648188 | V78: 159198 | W78: 12735.84
A79: 1 | B79: 48507 | C79: 61000 | D79: Office | E79: 13 | F79: 1 | G79: 4 | H79: 97.4 | I79: 0 | J79: 17 | L79: =$B79 -> 48507 | M79: =IF($C79="", $B79/0.45, $C79) -> 61000 | N79: =IF(M79=0,"",L79/M79) -> 0.79519672 | O79: =IF(N79<=0.5,0.2, IF(N79<=0.6,0.25, IF(N79<=0.8,0.3, IF(N79<=0.9,0.45, IF(N79<=1,0.7,1.05))))) -> 0.3 | P79: =$L79*O79 -> 14552.1 | Q79: =$P79*0.08 -> 1164.168 | R79: 0.8012595 | S79: 0.4 | T79: 48507 | U79: 0.074156701 | V79: 44963.989 | W79: 3597.1191
A80: 0 | B80: 52337 | C80: 63989 | D80: Office | E80: 20 | F80: 0 | G80: 0 | H80: 204.2725 | I80: 0 | J80: 20 | K80: 20.470916 | L80: =$B80 -> 52337 | M80: =IF($C80="", $B80/0.45, $C80) -> 63989 | N80: =IF(M80=0,"",L80/M80) -> 0.8179062 | O80: =IF(N80<=0.5,0.2, IF(N80<=0.6,0.25, IF(N80<=0.8,0.3, IF(N80<=0.9,0.45, IF(N80<=1,0.7,1.05))))) -> 0.45 | P80: =$L80*O80 -> 23551.65 | Q80: =$P80*0.08 -> 1884.132 | R80: 0.016682485 | S80: 0.4 | T80: 52337 | U80: 0.055862659 | V80: 36546.05 | W80: 2923.684
A81: 1 | B81: 17857 | C81: 21144 | D81: Other | E81: 5 | F81: 0 | G81: 0 | H81: 129.71732 | I81: 1 | J81: 9 | K81: 26.634348 | L81: =$B81 -> 17857 | M81: =IF($C81="", $B81/0.45, $C81) -> 21144 | N81: =IF(M81=0,"",L81/M81) -> 0.84454219 | O81: =IF(N81<=0.5,0.2, IF(N81<=0.6,0.25, IF(N81<=0.8,0.3, IF(N81<=0.9,0.45, IF(N81<=1,0.7,1.05))))) -> 0.45 | P81: =$L81*O81 -> 8035.65 | Q81: =$P81*0.08 -> 642.852 | R81: 0.1185989 | S81: 0.4 | T81: 17857 | U81: 0.15512579 | V81: 34626.014 | W81: 2770.0811
A82: 1 | B82: 19135 | C82: 97692 | D82: Mgr | E82: 1.6 | F82: 1 | G82: 6 | H82: 252.63333 | I82: 1 | J82: 25 | L82: =$B82 -> 19135 | M82: =IF($C82="", $B82/0.45, $C82) -> 97692 | N82: =IF(M82=0,"",L82/M82) -> 0.1958707 | O82: =IF(N82<=0.5,0.2, IF(N82<=0.6,0.25, IF(N82<=0.8,0.3, IF(N82<=0.9,0.45, IF(N82<=1,0.7,1.05))))) -> 0.2 | P82: =$L82*O82 -> 3827 | Q82: =$P82*0.08 -> 306.16 | R82: 0.94051439 | S82: 0.4 | T82: 19135 | U82: 0.023234911 | V82: 5557.5003 | W82: 444.60002
A83: 0 | B83: 51180 | C83: 63459 | D83: Office | E83: 20 | F83: 0 | G83: 0 | H83: 203.75153 | I83: 0 | J83: 20 | K83: 20.067042 | L83: =$B83 -> 51180 | M83: =IF($C83="", $B83/0.45, $C83) -> 63459 | N83: =IF(M83=0,"",L83/M83) -> 0.80650499 | O83: =IF(N83<=0.5,0.2, IF(N83<=0.6,0.25, IF(N83<=0.8,0.3, IF(N83<=0.9,0.45, IF(N83<=1,0.7,1.05))))) -> 0.45 | P83: =$L83*O83 -> 23031 | Q83: =$P83*0.08 -> 1842.48 | R83: 0.016285153 | S83: 0.4 | T83: 51180 | U83: 0.055020813 | V83: 35199.565 | W83: 2815.9652
A84: 0 | C84: 73189 | K84: 22.253949 | L84: =$B84 | M84: =IF($C84="", $B84/0.45, $C84) -> 73189 | N84: =IF(M84=0,"",L84/M84) -> 0 | O84: =IF(N84<=0.5,0.2, IF(N84<=0.6,0.25, IF(N84<=0.8,0.3, IF(N84<=0.9,0.45, IF(N84<=1,0.7,1.05))))) -> 0.2 | P84: =$L84*O84 -> 0 | Q84: =$P84*0.08 -> 0 | R84: 0.055875716 | S84: 0.4 | T84: 0 | U84: 0.11154871 | V84: 0 | W84: 0
A85: 0 | B85: 11543 | C85: 46045 | D85: Self | F85: 0 | G85: 0 | H85: 204.64799 | I85: 0 | J85: 11 | K85: 42.173166 | L85: =$B85 -> 11543 | M85: =IF($C85="", $B85/0.45, $C85) -> 46045 | N85: =IF(M85=0,"",L85/M85) -> 0.25068954 | O85: =IF(N85<=0.5,0.2, IF(N85<=0.6,0.25, IF(N85<=0.8,0.3, IF(N85<=0.9,0.45, IF(N85<=1,0.7,1.05))))) -> 0.2 | P85: =$L85*O85 -> 2308.6 | Q85: =$P85*0.08 -> 184.688 | R85: 0.26952015 | S85: 0.4 | T85: 11543 | U85: 0.18670063 | V85: 26938.568 | W85: 2155.0854
A86: 1 | B86: 29896 | C86: 45960 | D86: Other | E86: 11 | F86: 0 | G86: 0 | H86: 146.12324 | I86: 0 | J86: 14 | K86: 24.478881 | L86: =$B86 -> 29896 | M86: =IF($C86="", $B86/0.45, $C86) -> 45960 | N86: =IF(M86=0,"",L86/M86) -> 0.65047868 | O86: =IF(N86<=0.5,0.2, IF(N86<=0.6,0.25, IF(N86<=0.8,0.3, IF(N86<=0.9,0.45, IF(N86<=1,0.7,1.05))))) -> 0.3 | P86: =$L86*O86 -> 8968.8 | Q86: =$P86*0.08 -> 717.504 | R86: 0.073225589 | S86: 0.4 | T86: 29896 | U86: 0.12707275 | V86: 47487.088 | W86: 3798.967
A87: 1 | B87: 14500 | C87: 22092 | D87: Other | E87: 3.5 | F87: 0 | G87: 1 | H87: 150.3 | I87: 5 | J87: 8 | L87: =$B87 -> 14500 | M87: =IF($C87="", $B87/0.45, $C87) -> 22092 | N87: =IF(M87=0,"",L87/M87) -> 0.65634619 | O87: =IF(N87<=0.5,0.2, IF(N87<=0.6,0.25, IF(N87<=0.8,0.3, IF(N87<=0.9,0.45, IF(N87<=1,0.7,1.05))))) -> 0.3 | P87: =$L87*O87 -> 4350 | Q87: =$P87*0.08 -> 348 | R87: 0.44674168 | S87: 0.4 | T87: 14500 | U87: 0.17151506 | V87: 31087.105 | W87: 2486.9684
A88: 0 | B88: 52825 | C88: 63000 | D88: ProfExe | E88: 8 | F88: 0 | G88: 4 | H88: 171.66667 | I88: 1 | J88: 31 | L88: =$B88 -> 52825 | M88: =IF($C88="", $B88/0.45, $C88) -> 63000 | N88: =IF(M88=0,"",L88/M88) -> 0.83849206 | O88: =IF(N88<=0.5,0.2, IF(N88<=0.6,0.25, IF(N88<=0.8,0.3, IF(N88<=0.9,0.45, IF(N88<=1,0.7,1.05))))) -> 0.45 | P88: =$L88*O88 -> 23771.25 | Q88: =$P88*0.08 -> 1901.7 | R88: 0.716989 | S88: 0.4 | T88: 52825 | U88: 0.1022495 | V88: 67516.624 | W88: 5401.33
A89: 0 | B89: 102143 | C89: 118742 | D89: Office | E89: 2 | F89: 0 | G89: 0 | H89: 85.277366 | I89: 0 | J89: 13 | K89: 29.343921 | L89: =$B89 -> 102143 | M89: =IF($C89="", $B89/0.45, $C89) -> 118742 | N89: =IF(M89=0,"",L89/M89) -> 0.86020953 | O89: =IF(N89<=0.5,0.2, IF(N89<=0.6,0.25, IF(N89<=0.8,0.3, IF(N89<=0.9,0.45, IF(N89<=1,0.7,1.05))))) -> 0.45 | P89: =$L89*O89 -> 45964.35 | Q89: =$P89*0.08 -> 3677.148 | R89: 0.077040542 | S89: 0.4 | T89: 102143 | U89: 0.13004812 | V89: 166043.82 | W89: 13283.505
A90: 1 | B90: 21200 | C90: 39000 | D90: Mgr | E90: 4 | F90: 0 | G90: 1 | H90: 86.566667 | I90: 2 | J90: 14 | L90: =$B90 -> 21200 | M90: =IF($C90="", $B90/0.45, $C90) -> 39000 | N90: =IF(M90=0,"",L90/M90) -> 0.54358974 | O90: =IF(N90<=0.5,0.2, IF(N90<=0.6,0.25, IF(N90<=0.8,0.3, IF(N90<=0.9,0.45, IF(N90<=1,0.7,1.05))))) -> 0.25 | P90: =$L90*O90 -> 5300 | Q90: =$P90*0.08 -> 424 | R90: 0.39737552 | S90: 0.4 | T90: 21200 | U90: 0.17912288 | V90: 47467.563 | W90: 3797.405
A91: 0 | B91: 105164 | C91: 112774 | D91: Office | E91: 1 | F91: 0 | G91: 0 | H91: 94.724874 | I91: 0 | J91: 13 | K91: 29.390928 | L91: =$B91 -> 105164 | M91: =IF($C91="", $B91/0.45, $C91) -> 112774 | N91: =IF(M91=0,"",L91/M91) -> 0.93251991 | O91: =IF(N91<=0.5,0.2, IF(N91<=0.6,0.25, IF(N91<=0.8,0.3, IF(N91<=0.9,0.45, IF(N91<=1,0.7,1.05))))) -> 0.7 | P91: =$L91*O91 -> 73614.8 | Q91: =$P91*0.08 -> 5889.184 | R91: 0.073847613 | S91: 0.4 | T91: 105164 | U91: 0.1275675 | V91: 167693.85 | W91: 13415.508
A92: 0 | B92: 54543 | C92: 61777 | D92: Office | E92: 21 | F92: 0 | G92: 0 | H92: 205.58668 | I92: 0 | J92: 19 | K92: 21.806563 | L92: =$B92 -> 54543 | M92: =IF($C92="", $B92/0.45, $C92) -> 61777 | N92: =IF(M92=0,"",L92/M92) -> 0.8829014 | O92: =IF(N92<=0.5,0.2, IF(N92<=0.6,0.25, IF(N92<=0.8,0.3, IF(N92<=0.9,0.45, IF(N92<=1,0.7,1.05))))) -> 0.45 | P92: =$L92*O92 -> 24544.35 | Q92: =$P92*0.08 -> 1963.548 | R92: 0.018396205 | S92: 0.4 | T92: 54543 | U92: 0.059384125 | V92: 40487.354 | W92: 3238.9883
A93: 1 | C93: 80609 | D93: Other | E93: 1.5 | F93: 0 | G93: 2 | H93: 126.53333 | I93: 3 | J93: 12 | L93: =$B93 | M93: =IF($C93="", $B93/0.45, $C93) -> 80609 | N93: =IF(M93=0,"",L93/M93) -> 0 | O93: =IF(N93<=0.5,0.2, IF(N93<=0.6,0.25, IF(N93<=0.8,0.3, IF(N93<=0.9,0.45, IF(N93<=1,0.7,1.05))))) -> 0.2 | P93: =$L93*O93 -> 0 | Q93: =$P93*0.08 -> 0 | R93: 0.59188672 | S93: 0.4 | T93: 0 | U93: 0.13902812 | V93: 0 | W93: 0
A94: 1 | B94: 26572 | C94: 31960 | D94: Office | E94: 11 | F94: 0 | G94: 0 | H94: 117.7951 | I94: 0 | J94: 8 | K94: 41.286492 | L94: =$B94 -> 26572 | M94: =IF($C94="", $B94/0.45, $C94) -> 31960 | N94: =IF(M94=0,"",L94/M94) -> 0.83141427 | O94: =IF(N94<=0.5,0.2, IF(N94<=0.6,0.25, IF(N94<=0.8,0.3, IF(N94<=0.9,0.45, IF(N94<=1,0.7,1.05))))) -> 0.45 | P94: =$L94*O94 -> 11957.4 | Q94: =$P94*0.08 -> 956.592 | R94: 0.14102624 | S94: 0.4 | T94: 26572 | U94: 0.16449377 | V94: 54636.607 | W94: 4370.9285
A95: 1 | B95: 17000 | C95: 52012 | D95: ProfExe | E95: 22 | F95: 3 | G95: 1 | H95: 85.333333 | I95: 1 | J95: 9 | L95: =$B95 -> 17000 | M95: =IF($C95="", $B95/0.45, $C95) -> 52012 | N95: =IF(M95=0,"",L95/M95) -> 0.32684765 | O95: =IF(N95<=0.5,0.2, IF(N95<=0.6,0.25, IF(N95<=0.8,0.3, IF(N95<=0.9,0.45, IF(N95<=1,0.7,1.05))))) -> 0.2 | P95: =$L95*O95 -> 3400 | Q95: =$P95*0.08 -> 272 | R95: 0.77625916 | S95: 0.4 | T95: 17000 | U95: 0.082730147 | V95: 17580.156 | W95: 1406.4125
A96: 1 | B96: 29562 | C96: 37200 | D96: Other | E96: 6 | F96: 0 | G96: 0 | H96: 92.133333 | I96: 1 | J96: 26 | L96: =$B96 -> 29562 | M96: =IF($C96="", $B96/0.45, $C96) -> 37200 | N96: =IF(M96=0,"",L96/M96) -> 0.79467742 | O96: =IF(N96<=0.5,0.2, IF(N96<=0.6,0.25, IF(N96<=0.8,0.3, IF(N96<=0.9,0.45, IF(N96<=1,0.7,1.05))))) -> 0.3 | P96: =$L96*O96 -> 8868.6 | Q96: =$P96*0.08 -> 709.488 | R96: 0.16554462 | S96: 0.4 | T96: 29562 | U96: 0.17232972 | V96: 63680.141 | W96: 5094.4113
A97: 1 | B97: 41700 | C97: 76725 | D97: Other | E97: 0.5 | F97: 0 | G97: 3 | H97: 136.13333 | I97: 0 | J97: 15 | L97: =$B97 -> 41700 | M97: =IF($C97="", $B97/0.45, $C97) -> 76725 | N97: =IF(M97=0,"",L97/M97) -> 0.54349951 | O97: =IF(N97<=0.5,0.2, IF(N97<=0.6,0.25, IF(N97<=0.8,0.3, IF(N97<=0.9,0.45, IF(N97<=1,0.7,1.05))))) -> 0.25 | P97: =$L97*O97 -> 10425 | Q97: =$P97*0.08 -> 834 | R97: 0.65559328 | S97: 0.4 | T97: 41700 | U97: 0.1211266 | V97: 63137.243 | W97: 5050.9794
A98: 1 | B98: 58000 | C98: 69440 | D98: Other | E98: 3.5 | F98: 0 | G98: 1 | H98: 168.66667 | I98: 0 | J98: 18 | L98: =$B98 -> 58000 | M98: =IF($C98="", $B98/0.45, $C98) -> 69440 | N98: =IF(M98=0,"",L98/M98) -> 0.83525346 | O98: =IF(N98<=0.5,0.2, IF(N98<=0.6,0.25, IF(N98<=0.8,0.3, IF(N98<=0.9,0.45, IF(N98<=1,0.7,1.05))))) -> 0.45 | P98: =$L98*O98 -> 26100 | Q98: =$P98*0.08 -> 2088 | R98: 0.22900004 | S98: 0.4 | T98: 58000 | U98: 0.18402418 | V98: 133417.53 | W98: 10673.402
A99: 1 | B99: 5700 | C99: 18000 | D99: Other | F99: 0 | G99: 0 | H99: 12.2 | I99: 0 | J99: 17 | L99: =$B99 -> 5700 | M99: =IF($C99="", $B99/0.45, $C99) -> 18000 | N99: =IF(M99=0,"",L99/M99) -> 0.31666667 | O99: =IF(N99<=0.5,0.2, IF(N99<=0.6,0.25, IF(N99<=0.8,0.3, IF(N99<=0.9,0.45, IF(N99<=1,0.7,1.05))))) -> 0.2 | P99: =$L99*O99 -> 1140 | Q99: =$P99*0.08 -> 91.2 | R99: 0.25385603 | S99: 0.4 | T99: 5700 | U99: 0.18603133 | V99: 13254.732 | W99: 1060.3786
A100: 1 | B100: 45000 | C100: 58350 | D100: Mgr | E100: 3.5 | F100: 0 | G100: 0 | H100: 162 | I100: 3 | J100: 16 | L100: =$B100 -> 45000 | M100: =IF($C100="", $B100/0.45, $C100) -> 58350 | N100: =IF(M100=0,"",L100/M100) -> 0.77120823 | O100: =IF(N100<=0.5,0.2, IF(N100<=0.6,0.25, IF(N100<=0.8,0.3, IF(N100<=0.9,0.45, IF(N100<=1,0.7,1.05))))) -> 0.3 | P100: =$L100*O100 -> 13500 | Q100: =$P100*0.08 -> 1080 | R100: 0.17360785 | S100: 0.4 | T100: 45000 | U100: 0.17444345 | V100: 98124.439 | W100: 7849.9552
A101: 1 | B101: 7000 | C101: 16020 | D101: Other | E101: 18 | F101: 0 | G101: 1 | H101: 85.8 | I101: 2 | J101: 23 | L101: =$B101 -> 7000 | M101: =IF($C101="", $B101/0.45, $C101) -> 16020 | N101: =IF(M101=0,"",L101/M101) -> 0.43695381 | O101: =IF(N101<=0.5,0.2, IF(N101<=0.6,0.25, IF(N101<=0.8,0.3, IF(N101<=0.9,0.45, IF(N101<=1,0.7,1.05))))) -> 0.2 | P101: =$L101*O101 -> 1400 | Q101: =$P101*0.08 -> 112 | R101: 0.337803 | S101: 0.4 | T101: 7000 | U101: 0.1851747 | V101: 16202.786 | W101: 1296.2229
A102: 0 | B102: 66000 | C102: 79050 | D102: Other | E102: 1.8 | F102: 2 | G102: 0 | H102: 279 | I102: 1 | J102: 6 | L102: =$B102 -> 66000 | M102: =IF($C102="", $B102/0.45, $C102) -> 79050 | N102: =IF(M102=0,"",L102/M102) -> 0.83491461 | O102: =IF(N102<=0.5,0.2, IF(N102<=0.6,0.25, IF(N102<=0.8,0.3, IF(N102<=0.9,0.45, IF(N102<=1,0.7,1.05))))) -> 0.45 | P102: =$L102*O102 -> 29700 | Q102: =$P102*0.08 -> 2376 | R102: 0.25697504 | S102: 0.4 | T102: 66000 | U102: 0.18619938 | V102: 153614.49 | W102: 12289.159
A103: 0 | C103: 45760 | E103: 0 | F103: 0 | G103: 0 | I103: 0 | J103: 0 | L103: =$B103 | M103: =IF($C103="", $B103/0.45, $C103) -> 45760 | N103: =IF(M103=0,"",L103/M103) -> 0 | O103: =IF(N103<=0.5,0.2, IF(N103<=0.6,0.25, IF(N103<=0.8,0.3, IF(N103<=0.9,0.45, IF(N103<=1,0.7,1.05))))) -> 0.2 | P103: =$L103*O103 -> 0 | Q103: =$P103*0.08 -> 0 | R103: 0.16914204 | S103: 0.4 | T103: 0 | U103: 0.17329889 | V103: 0 | W103: 0
A104: 0 | B104: 62000 | C104: 78000 | D104: Other | E104: 4 | F104: 0 | G104: 0 | H104: 109.56667 | I104: 0 | J104: 15 | L104: =$B104 -> 62000 | M104: =IF($C104="", $B104/0.45, $C104) -> 78000 | N104: =IF(M104=0,"",L104/M104) -> 0.79487179 | O104: =IF(N104<=0.5,0.2, IF(N104<=0.6,0.25, IF(N104<=0.8,0.3, IF(N104<=0.9,0.45, IF(N104<=1,0.7,1.05))))) -> 0.3 | P104: =$L104*O104 -> 18600 | Q104: =$P104*0.08 -> 1488 | R104: 0.16976006 | S104: 0.4 | T104: 62000 | U104: 0.17346111 | V104: 134432.36 | W104: 10754.589
A105: 0 | B105: 64240 | C105: 63990 | D105: Sales | E105: 5 | F105: 2 | G105: 0 | H105: 160.3 | I105: 1 | J105: 23 | L105: =$B105 -> 64240 | M105: =IF($C105="", $B105/0.45, $C105) -> 63990 | N105: =IF(M105=0,"",L105/M105) -> 1.0039069 | O105: =IF(N105<=0.5,0.2, IF(N105<=0.6,0.25, IF(N105<=0.8,0.3, IF(N105<=0.9,0.45, IF(N105<=1,0.7,1.05))))) -> 1.05 | P105: =$L105*O105 -> 67452 | Q105: =$P105*0.08 -> 5396.16 | R105: 0.578776 | S105: 0.4 | T105: 64240 | U105: 0.14247155 | V105: 114404.66 | W105: 9152.3727
A106: 1 | B106: 74000 | C106: 93000 | D106: ProfExe | E106: 2.6 | F106: 1 | G106: 3 | H106: 186.63333 | J106: 9 | L106: =$B106 -> 74000 | M106: =IF($C106="", $B106/0.45, $C106) -> 93000 | N106: =IF(M106=0,"",L106/M106) -> 0.79569892 | O106: =IF(N106<=0.5,0.2, IF(N106<=0.6,0.25, IF(N106<=0.8,0.3, IF(N106<=0.9,0.45, IF(N106<=1,0.7,1.05))))) -> 0.3 | P106: =$L106*O106 -> 22200 | Q106: =$P106*0.08 -> 1776 | R106: 0.76510071 | S106: 0.4 | T106: 74000 | U106: 0.086493985 | V106: 80006.936 | W106: 6400.5549
...

Sheet Overwiev
A1: Metric | B1: Value
A2: Total Loans | B2: =Data!B2 -> 5960
A3: Default Rate | B3: =Data!D2 -> 0.19949664
A4: Total Exposure (EAD) | B4: =Data!L3 -> 4.0140637e+08
A5: Total RWA – Standardized | B5: =Data!M3 -> 1.412735e+08
A6: Capital – Standardized | B6: =Data!N3 -> 11301880
A7: Total RWA – IRB | B7: =Data!V3 -> 718416553
A8: Capital – IRB | B8: =Data!W3 -> 57473324
A15: LTV bucket | B15: Count
A16: 0-50% | B16: =COUNTIFS(Data!N11:N5970,">=0",Data!N11:N5970,"<=0.5") -> 1235
A17: 50-70% | B17: =COUNTIFS(Data!N12:N5971,">=0.5",Data!N12:N5971,"<=0.7") -> 1723
A18: 70-90% | B18: =COUNTIFS(Data!N13:N5972,">=0.7",Data!N13:N5972,"<=0.9") -> 2758
A19: 90-100% | B19: =COUNTIFS(Data!N14:N5973,">=0.9",Data!N14:N5973,"<=1") -> 173
A47: Conclusion:
A48: In this portfolio, the IRB approach produces substantially higher capital requirements than the standardized approach. This is driven by the high observed default rate and the high borrower-level PDs estimated by the logistic regression model.
